{
  "experiment": "49a_stochastic_controls",
  "description": "Stochastic sampling (T=0.7, 5 runs) vs greedy baselines for deception, refusal, and impossibility detection",
  "model": "Qwen/Qwen2.5-7B-Instruct",
  "temperature": 0.7,
  "n_stochastic_runs": 5,
  "timestamp": "2026-03-19T05:39:06.069944",
  "results": {
    "deception_stochastic": {
      "label_positive": "deceptive",
      "label_negative": "honest",
      "n_positive": 50,
      "n_negative": 50,
      "features_used": [
        "norm_per_token",
        "key_rank",
        "key_entropy"
      ],
      "auroc": 0.852,
      "effect_sizes": {
        "norm_per_token": -1.2491995446738735,
        "key_rank": 1.866856830110665,
        "key_entropy": 0.9533042816767325
      },
      "permutation_test": {
        "p_value": 9.999000099990002e-05,
        "n_permutations": 10000,
        "null_mean": 0.45443940000000005,
        "null_std": 0.07722782456886895
      },
      "bootstrap_ci": {
        "ci_lower": 0.8916000000000001,
        "ci_upper": 0.9611999999999999,
        "mean": 0.9221543999999999,
        "std": 0.01688882709485771
      },
      "significant_at_005": true,
      "significant_at_001": true
    },
    "deception_within_variance": {
      "honest": {
        "mean_cv": 0.0032900696177274222,
        "max_cv": 0.018004240680498156,
        "min_cv": 0.0
      },
      "deceptive": {
        "mean_cv": 0.01596804024728519,
        "max_cv": 0.06771931336434792,
        "min_cv": 0.0
      }
    },
    "refusal_stochastic": {
      "label_positive": "refusal",
      "label_negative": "benign",
      "n_positive": 50,
      "n_negative": 50,
      "features_used": [
        "norm_per_token",
        "key_rank",
        "key_entropy"
      ],
      "auroc": 0.6596,
      "effect_sizes": {
        "norm_per_token": -0.20047799942010397,
        "key_rank": 0.6118830807485152,
        "key_entropy": -0.027225440980776745
      },
      "permutation_test": {
        "p_value": 0.0012998700129987,
        "n_permutations": 10000,
        "null_mean": 0.4509061599999999,
        "null_std": 0.0774571868973719
      },
      "bootstrap_ci": {
        "ci_lower": 0.782,
        "ci_upper": 0.9216,
        "mean": 0.8513744,
        "std": 0.03630035570955194
      },
      "significant_at_005": true,
      "significant_at_001": true
    },
    "impossibility_stochastic": {
      "label_positive": "impossible",
      "label_negative": "benign",
      "n_positive": 50,
      "n_negative": 50,
      "features_used": [
        "norm_per_token",
        "key_rank",
        "key_entropy"
      ],
      "auroc": 0.8036000000000001,
      "effect_sizes": {
        "norm_per_token": 0.018732608931435944,
        "key_rank": 0.4253670930650508,
        "key_entropy": 0.3823239120593056
      },
      "permutation_test": {
        "p_value": 9.999000099990002e-05,
        "n_permutations": 10000,
        "null_mean": 0.45238948,
        "null_std": 0.07827434441328525
      },
      "bootstrap_ci": {
        "ci_lower": 0.84798,
        "ci_upper": 0.96001,
        "mean": 0.9096748,
        "std": 0.028830694840048514
      },
      "significant_at_005": true,
      "significant_at_001": true
    },
    "deception_greedy_baseline": {
      "label_positive": "deceptive",
      "label_negative": "honest",
      "n_positive": 10,
      "n_negative": 10,
      "features_used": [
        "norm_per_token",
        "key_rank",
        "key_entropy"
      ],
      "auroc": 0.8400000000000001,
      "effect_sizes": {
        "norm_per_token": -1.1718851765888156,
        "key_rank": 1.7878500686840433,
        "key_entropy": 0.8549231670885998
      },
      "permutation_test": {
        "p_value": 0.0025997400259974,
        "n_permutations": 10000,
        "null_mean": 0.369172,
        "null_std": 0.18351794031102245
      },
      "bootstrap_ci": {
        "ci_lower": 0.73,
        "ci_upper": 1.0,
        "mean": 0.85558,
        "std": 0.0758792698963294
      },
      "significant_at_005": true,
      "significant_at_001": true
    }
  }
}