{
  "experiment": "27_axis_analysis",
  "timestamp": "2026-03-14T19:42:59.115623",
  "n_models": 16,
  "axis_definitions": {
    "truth": [
      "grounded_facts",
      "confabulation"
    ],
    "fiction": [
      "grounded_facts",
      "creative"
    ],
    "self_awareness": [
      "self_reference",
      "non_self_reference"
    ],
    "complexity": [
      "coding",
      "rote_completion"
    ],
    "openness": [
      "free_generation",
      "unambiguous"
    ],
    "safety": [
      "guardrail_test",
      "emotional"
    ],
    "abstraction": [
      "math_reasoning",
      "emotional"
    ],
    "confab_vs_creative": [
      "confabulation",
      "creative"
    ]
  },
  "axis_consistency": {
    "truth": -0.04580293877762329,
    "fiction": 0.3411621549194724,
    "self_awareness": 0.33785171738799297,
    "complexity": 0.9815952403789647,
    "openness": 0.973578497257198,
    "safety": 0.9811280523504637,
    "abstraction": 0.840543293193155,
    "confab_vs_creative": 0.2048500383071362
  },
  "angle_matrix": [
    [
      0.0,
      44.20506888807613,
      14.693212609037618,
      29.874849737734717,
      35.83674085134513,
      22.43617719961112,
      29.40528756028685,
      31.23586991512145
    ],
    [
      44.20506888807613,
      0.0,
      40.79670142008196,
      30.67387068721166,
      27.487500429084648,
      30.086942506666144,
      30.892250650219164,
      37.58530371328269
    ],
    [
      14.693212609037618,
      40.79670142008196,
      0.0,
      33.77867805012097,
      40.00057568485538,
      27.651910574396762,
      36.3119902396647,
      36.43503908948371
    ],
    [
      29.874849737734717,
      30.67387068721166,
      33.77867805012097,
      0.0,
      11.595713699114881,
      10.531468390375236,
      16.727214533962133,
      21.271357334136926
    ],
    [
      35.83674085134513,
      27.487500429084648,
      40.00057568485538,
      11.595713699114881,
      0.0,
      17.612693699030437,
      16.192458370193116,
      21.194786781351983
    ],
    [
      22.43617719961112,
      30.086942506666144,
      27.651910574396762,
      10.531468390375236,
      17.612693699030437,
      0.0,
      12.710846448193191,
      23.051738313908118
    ],
    [
      29.40528756028685,
      30.892250650219164,
      36.3119902396647,
      16.727214533962133,
      16.192458370193116,
      12.710846448193191,
      0.0,
      19.219232989296643
    ],
    [
      31.23586991512145,
      37.58530371328269,
      36.43503908948371,
      21.271357334136926,
      21.194786781351983,
      23.051738313908118,
      19.219232989296643,
      0.0
    ]
  ],
  "axis_order": [
    "truth",
    "fiction",
    "self_awareness",
    "complexity",
    "openness",
    "safety",
    "abstraction",
    "confab_vs_creative"
  ]
}