{
  "experiment": "23_cognitive_map",
  "timestamp": "2026-03-14T19:32:27.053234",
  "mds_coordinates": {
    "grounded_facts": {
      "x": -0.29241070277455694,
      "y": -0.1313257720571967
    },
    "confabulation": {
      "x": -0.31620526293546153,
      "y": -0.07795958390866106
    },
    "self_reference": {
      "x": -0.17379827565507203,
      "y": 0.20255924015768667
    },
    "non_self_reference": {
      "x": -0.2353212289476921,
      "y": 0.19789314846046008
    },
    "guardrail_test": {
      "x": 0.020284620950380722,
      "y": 0.2804985448421072
    },
    "math_reasoning": {
      "x": -0.04923225298099188,
      "y": 0.07077091878039003
    },
    "coding": {
      "x": 0.15978928594601466,
      "y": -0.6119396241944068
    },
    "emotional": {
      "x": -0.22553953239301522,
      "y": -0.08453710191693965
    },
    "creative": {
      "x": -0.29622678909256706,
      "y": -0.2398187227005516
    },
    "ambiguous": {
      "x": 0.6012493209973245,
      "y": 0.044710469498352806
    },
    "unambiguous": {
      "x": -0.141215058372813,
      "y": 0.25927397399453167
    },
    "free_generation": {
      "x": 0.5885911412587574,
      "y": 0.0068365206469596625
    },
    "rote_completion": {
      "x": 0.3600347339996921,
      "y": 0.08303798839726699
    }
  },
  "mds_stress": 0.34414971869987215,
  "variance_explained_2d": 0.5609835685632147,
  "length_correlations": {
    "rho_x": -0.4792409252645279,
    "p_x": 0.09751223388202818,
    "rho_y": -0.390595204984384,
    "p_y": 0.18697746591501435,
    "rho_radius": -0.047093038898826434,
    "p_radius": 0.8785793705313143
  },
  "clusters_auroc_70": [
    [
      "confabulation",
      "creative",
      "grounded_facts",
      "non_self_reference",
      "self_reference",
      "unambiguous"
    ],
    [
      "guardrail_test"
    ],
    [
      "math_reasoning"
    ],
    [
      "coding"
    ],
    [
      "emotional"
    ],
    [
      "ambiguous",
      "rote_completion"
    ],
    [
      "free_generation"
    ]
  ],
  "distance_matrix": [
    [
      0.0,
      0.30657777777777784,
      0.6424666666666665,
      0.5501333333333334,
      0.7784444444444443,
      0.6304666666666665,
      0.9488888888888889,
      0.5922222222222222,
      0.3224444444444443,
      0.9644444444444444,
      0.6576666666666666,
      0.9673333333333334,
      0.7381111111111114
    ],
    [
      0.30657777777777784,
      0.0,
      0.48882222222222227,
      0.3422222222222222,
      0.6732666666666667,
      0.6501333333333335,
      0.8872222222222224,
      0.6242222222222222,
      0.3262222222222222,
      0.9474444444444443,
      0.5688888888888888,
      0.9581111111111111,
      0.7962222222222224
    ],
    [
      0.6424666666666665,
      0.48882222222222227,
      0.0,
      0.3581777777777777,
      0.6002666666666667,
      0.6430444444444445,
      0.9888888888888889,
      0.7682222222222221,
      0.7763333333333333,
      0.925888888888889,
      0.5628888888888888,
      0.9265555555555558,
      0.764888888888889
    ],
    [
      0.5501333333333334,
      0.3422222222222222,
      0.3581777777777777,
      0.0,
      0.5223111111111112,
      0.5610666666666666,
      0.9750000000000001,
      0.5584444444444445,
      0.6140000000000001,
      0.867777777777778,
      0.2175555555555555,
      0.9306666666666668,
      0.7133333333333334
    ],
    [
      0.7784444444444443,
      0.6732666666666667,
      0.6002666666666667,
      0.5223111111111112,
      0.0,
      0.6473111111111112,
      0.983888888888889,
      0.8646666666666667,
      0.8675555555555556,
      0.8501111111111113,
      0.5147777777777778,
      0.8298888888888889,
      0.7288888888888889
    ],
    [
      0.6304666666666665,
      0.6501333333333335,
      0.6430444444444445,
      0.5610666666666666,
      0.6473111111111112,
      0.0,
      0.9301111111111111,
      0.7033333333333334,
      0.7221111111111109,
      0.8163333333333334,
      0.593,
      0.8764444444444446,
      0.7090000000000001
    ],
    [
      0.9488888888888889,
      0.8872222222222224,
      0.9888888888888889,
      0.9750000000000001,
      0.983888888888889,
      0.9301111111111111,
      0.0,
      0.9822222222222221,
      0.9772222222222222,
      0.9905555555555556,
      0.9883333333333333,
      0.9855555555555555,
      0.9616666666666667
    ],
    [
      0.5922222222222222,
      0.6242222222222222,
      0.7682222222222221,
      0.5584444444444445,
      0.8646666666666667,
      0.7033333333333334,
      0.9822222222222221,
      0.0,
      0.5833333333333335,
      0.9750000000000001,
      0.5950000000000002,
      0.9616666666666669,
      0.7772222222222223
    ],
    [
      0.3224444444444443,
      0.3262222222222222,
      0.7763333333333333,
      0.6140000000000001,
      0.8675555555555556,
      0.7221111111111109,
      0.9772222222222222,
      0.5833333333333335,
      0.0,
      0.9905555555555554,
      0.8116666666666668,
      0.9777777777777779,
      0.8188888888888888
    ],
    [
      0.9644444444444444,
      0.9474444444444443,
      0.925888888888889,
      0.867777777777778,
      0.8501111111111113,
      0.8163333333333334,
      0.9905555555555556,
      0.9750000000000001,
      0.9905555555555554,
      0.0,
      0.9005555555555556,
      0.4094444444444445,
      0.36444444444444435
    ],
    [
      0.6576666666666666,
      0.5688888888888888,
      0.5628888888888888,
      0.2175555555555555,
      0.5147777777777778,
      0.593,
      0.9883333333333333,
      0.5950000000000002,
      0.8116666666666668,
      0.9005555555555556,
      0.0,
      0.9022222222222223,
      0.6800000000000002
    ],
    [
      0.9673333333333334,
      0.9581111111111111,
      0.9265555555555558,
      0.9306666666666668,
      0.8298888888888889,
      0.8764444444444446,
      0.9855555555555555,
      0.9616666666666669,
      0.9777777777777779,
      0.4094444444444445,
      0.9022222222222223,
      0.0,
      0.5472222222222223
    ],
    [
      0.7381111111111114,
      0.7962222222222224,
      0.764888888888889,
      0.7133333333333334,
      0.7288888888888889,
      0.7090000000000001,
      0.9616666666666667,
      0.7772222222222223,
      0.8188888888888888,
      0.36444444444444435,
      0.6800000000000002,
      0.5472222222222223,
      0.0
    ]
  ]
}