{
  "experiment": "22_red_team_confounds",
  "timestamp": "2026-03-14T19:29:51.402205",
  "target_1": {
    "verdict": "REJECTED",
    "persona_lengths": {
      "assistant": {
        "words": 30,
        "chars": 199
      },
      "creative": {
        "words": 33,
        "chars": 222
      },
      "scientist": {
        "words": 32,
        "chars": 242
      },
      "philosopher": {
        "words": 32,
        "chars": 236
      },
      "analyst": {
        "words": 34,
        "chars": 234
      },
      "lyra": {
        "words": 45,
        "chars": 315
      }
    },
    "mean_rho_with_lyra": 0.6253244741679981,
    "mean_rho_without_lyra": 0.3371071728279792,
    "model_data": {
      "gemma-2-9b-it": {
        "norms": [
          24883.90217529297,
          24841.924091796875,
          25224.857973632814,
          24912.45525756836,
          25208.4730859375,
          26607.141049804686
        ],
        "norm_ranks": [
          5.0,
          6.0,
          2.0,
          4.0,
          3.0,
          1.0
        ],
        "rho_with_lyra": 0.4928053803045812,
        "rho_without_lyra": 0.10259783520851543
      },
      "Llama-3.1-8B": {
        "norms": [
          19477.32549926758,
          19797.851243896483,
          19868.574118652345,
          19702.393161621094,
          19668.754957275392,
          20800.999036865236
        ],
        "norm_ranks": [
          6.0,
          3.0,
          2.0,
          4.0,
          5.0,
          1.0
        ],
        "rho_with_lyra": 0.550782483869826,
        "rho_without_lyra": 0.20519567041703085
      },
      "Mistral-7B-v0.3": {
        "norms": [
          17745.114443359376,
          18428.061306152344,
          18950.69120239258,
          18554.42314086914,
          18514.275645751954,
          19525.087716064452
        ],
        "norm_ranks": [
          6.0,
          5.0,
          2.0,
          3.0,
          4.0,
          1.0
        ],
        "rho_with_lyra": 0.5217939320872036,
        "rho_without_lyra": 0.15389675281277312
      },
      "Qwen2.5-32B-q4": {
        "norms": [
          34714.00799438477,
          35470.46107421875,
          35656.91326416015,
          35320.94063110351,
          35544.42654418945,
          37420.91378540039
        ],
        "norm_ranks": [
          6.0,
          4.0,
          2.0,
          5.0,
          3.0,
          1.0
        ],
        "rho_with_lyra": 0.753702346348183,
        "rho_without_lyra": 0.5642880936468347
      },
      "Qwen2.5-7B": {
        "norms": [
          28984.043182373047,
          29550.173536376955,
          29848.184946289064,
          29427.209603271484,
          29618.76040893555,
          31196.047266845704
        ],
        "norm_ranks": [
          6.0,
          4.0,
          2.0,
          5.0,
          3.0,
          1.0
        ],
        "rho_with_lyra": 0.753702346348183,
        "rho_without_lyra": 0.5642880936468347
      },
      "Qwen3-0.6B": {
        "norms": [
          42918.283303222655,
          43793.13551757813,
          44151.03228515625,
          43475.83805908203,
          43798.54899414063,
          46192.20399169922
        ],
        "norm_ranks": [
          6.0,
          4.0,
          2.0,
          5.0,
          3.0,
          1.0
        ],
        "rho_with_lyra": 0.753702346348183,
        "rho_without_lyra": 0.5642880936468347
      },
      "TinyLlama-1.1B": {
        "norms": [
          11886.12378540039,
          12135.9496875,
          12222.170767822266,
          12117.434348144532,
          12050.620130615234,
          12547.526290283204
        ],
        "norm_ranks": [
          6.0,
          3.0,
          2.0,
          4.0,
          5.0,
          1.0
        ],
        "rho_with_lyra": 0.550782483869826,
        "rho_without_lyra": 0.20519567041703085
      }
    }
  },
  "target_2": {
    "verdict": "REAL_FINDING_WITH_CAVEAT",
    "confab_mean_words": 10.6,
    "creative_mean_words": 12.6,
    "jaccard_confab_creative": 0.03153153153153153,
    "jaccard_confab_facts": 0.018779342723004695,
    "auroc_confab_creative": 0.663,
    "auroc_confab_facts": 0.653
  },
  "target_3": {
    "verdict": "GENUINE_INSIGHT",
    "facts_mean_words": 11.266666666666667,
    "confab_mean_words": 10.6,
    "auroc": 0.653,
    "cohens_d": 0.071,
    "jaccard_confab_facts": 0.018779342723004695
  },
  "target_4": {
    "verdict": "REAL_FINDING",
    "selfref_mean_words": 11.0,
    "nonselfref_mean_words": 10.6,
    "jaccard_sr_nsr": 0.009259259259259259,
    "auroc": 0.679
  }
}