{
  "1. Baseline (no normalization)": {
    "approach": "1. Baseline (no normalization)",
    "per_model": {
      "DeepSeek-R1-Distill-Qwen-14B": {
        "RF": {
          "auroc": 0.8033333333333333,
          "accuracy": 0.75,
          "f1": 0.7058823529411765
        },
        "LR": {
          "auroc": 0.8511111111111112,
          "accuracy": 0.7666666666666667,
          "f1": 0.7941176470588235
        }
      },
      "Mistral-7B-v0.3": {
        "RF": {
          "auroc": 0.8677777777777778,
          "accuracy": 0.6333333333333333,
          "f1": 0.725
        },
        "LR": {
          "auroc": 0.8766666666666667,
          "accuracy": 0.7,
          "f1": 0.7631578947368421
        }
      },
      "Qwen2.5-14B": {
        "RF": {
          "auroc": 0.6777777777777778,
          "accuracy": 0.5666666666666667,
          "f1": 0.23529411764705882
        },
        "LR": {
          "auroc": 0.8644444444444443,
          "accuracy": 0.75,
          "f1": 0.7619047619047619
        }
      }
    },
    "RF_all": {
      "auroc": 0.7517283950617284,
      "accuracy": 0.65,
      "f1": 0.6181818181818182
    },
    "LR_all": {
      "auroc": 0.8555555555555556,
      "accuracy": 0.7388888888888889,
      "f1": 0.7729468599033816
    },
    "feature_importance": {
      "norms": 0.27240502128127597,
      "norms_per_token": 0.3471567572921968,
      "key_ranks": 0.2332611860672687,
      "key_entropies": 0.1471770353592586
    }
  },
  "2. Per-model z-score": {
    "approach": "2. Per-model z-score",
    "per_model": {
      "DeepSeek-R1-Distill-Qwen-14B": {
        "RF": {
          "auroc": 0.8044444444444444,
          "accuracy": 0.7833333333333333,
          "f1": 0.7796610169491526
        },
        "LR": {
          "auroc": 0.7755555555555556,
          "accuracy": 0.6833333333333333,
          "f1": 0.6666666666666666
        }
      },
      "Mistral-7B-v0.3": {
        "RF": {
          "auroc": 0.7994444444444444,
          "accuracy": 0.7166666666666667,
          "f1": 0.7213114754098361
        },
        "LR": {
          "auroc": 0.8333333333333335,
          "accuracy": 0.7166666666666667,
          "f1": 0.711864406779661
        }
      },
      "Qwen2.5-14B": {
        "RF": {
          "auroc": 0.8388888888888889,
          "accuracy": 0.7833333333333333,
          "f1": 0.7936507936507936
        },
        "LR": {
          "auroc": 0.8666666666666667,
          "accuracy": 0.7333333333333333,
          "f1": 0.7333333333333333
        }
      }
    },
    "RF_all": {
      "auroc": 0.815679012345679,
      "accuracy": 0.7611111111111111,
      "f1": 0.7650273224043715
    },
    "LR_all": {
      "auroc": 0.8282716049382716,
      "accuracy": 0.7111111111111111,
      "f1": 0.7045454545454546
    },
    "feature_importance": {
      "norms": 0.1753889851549605,
      "norms_per_token": 0.47173118357168936,
      "key_ranks": 0.2789915147109896,
      "key_entropies": 0.07388831656236058
    }
  },
  "3. Robust scaling (median/IQR)": {
    "approach": "3. Robust scaling (median/IQR)",
    "per_model": {
      "DeepSeek-R1-Distill-Qwen-14B": {
        "RF": {
          "auroc": 0.8144444444444446,
          "accuracy": 0.7333333333333333,
          "f1": 0.7575757575757576
        },
        "LR": {
          "auroc": 0.6988888888888889,
          "accuracy": 0.6666666666666666,
          "f1": 0.6296296296296297
        }
      },
      "Mistral-7B-v0.3": {
        "RF": {
          "auroc": 0.7883333333333333,
          "accuracy": 0.75,
          "f1": 0.7457627118644068
        },
        "LR": {
          "auroc": 0.7911111111111111,
          "accuracy": 0.7333333333333333,
          "f1": 0.7333333333333333
        }
      },
      "Qwen2.5-14B": {
        "RF": {
          "auroc": 0.8572222222222222,
          "accuracy": 0.7666666666666667,
          "f1": 0.7878787878787878
        },
        "LR": {
          "auroc": 0.8711111111111111,
          "accuracy": 0.7666666666666667,
          "f1": 0.8
        }
      }
    },
    "RF_all": {
      "auroc": 0.8179012345679012,
      "accuracy": 0.75,
      "f1": 0.7643979057591623
    },
    "LR_all": {
      "auroc": 0.79,
      "accuracy": 0.7222222222222222,
      "f1": 0.7282608695652174
    },
    "feature_importance": {
      "norms": 0.3409249147266217,
      "norms_per_token": 0.4362530505418044,
      "key_ranks": 0.1601793511133531,
      "key_entropies": 0.06264268361822091
    }
  },
  "4. Rank transform": {
    "approach": "4. Rank transform",
    "per_model": {
      "DeepSeek-R1-Distill-Qwen-14B": {
        "RF": {
          "auroc": 0.7477777777777777,
          "accuracy": 0.7,
          "f1": 0.7096774193548387
        },
        "LR": {
          "auroc": 0.68,
          "accuracy": 0.6333333333333333,
          "f1": 0.6333333333333333
        }
      },
      "Mistral-7B-v0.3": {
        "RF": {
          "auroc": 0.8255555555555556,
          "accuracy": 0.7,
          "f1": 0.71875
        },
        "LR": {
          "auroc": 0.8511111111111112,
          "accuracy": 0.7166666666666667,
          "f1": 0.711864406779661
        }
      },
      "Qwen2.5-14B": {
        "RF": {
          "auroc": 0.8538888888888889,
          "accuracy": 0.7666666666666667,
          "f1": 0.78125
        },
        "LR": {
          "auroc": 0.8588888888888888,
          "accuracy": 0.7333333333333333,
          "f1": 0.7333333333333333
        }
      }
    },
    "RF_all": {
      "auroc": 0.8117901234567901,
      "accuracy": 0.7222222222222222,
      "f1": 0.7368421052631579
    },
    "LR_all": {
      "auroc": 0.8046913580246914,
      "accuracy": 0.6944444444444444,
      "f1": 0.6927374301675978
    },
    "feature_importance": {
      "norms": 0.3176987401984338,
      "norms_per_token": 0.39970305489268954,
      "key_ranks": 0.21950566836262841,
      "key_entropies": 0.06309253654624832
    }
  },
  "5. Interaction features": {
    "approach": "5. Interaction features",
    "per_model": {
      "DeepSeek-R1-Distill-Qwen-14B": {
        "RF": {
          "auroc": 0.8044444444444444,
          "accuracy": 0.7833333333333333,
          "f1": 0.7547169811320755
        },
        "LR": {
          "auroc": 0.8588888888888889,
          "accuracy": 0.75,
          "f1": 0.7619047619047619
        }
      },
      "Mistral-7B-v0.3": {
        "RF": {
          "auroc": 0.8977777777777778,
          "accuracy": 0.6666666666666666,
          "f1": 0.7435897435897436
        },
        "LR": {
          "auroc": 0.88,
          "accuracy": 0.75,
          "f1": 0.782608695652174
        }
      },
      "Qwen2.5-14B": {
        "RF": {
          "auroc": 0.7777777777777778,
          "accuracy": 0.6,
          "f1": 0.3333333333333333
        },
        "LR": {
          "auroc": 0.8622222222222222,
          "accuracy": 0.75,
          "f1": 0.7457627118644068
        }
      }
    },
    "RF_all": {
      "auroc": 0.7867283950617283,
      "accuracy": 0.6833333333333333,
      "f1": 0.6586826347305389
    },
    "LR_all": {
      "auroc": 0.8634567901234567,
      "accuracy": 0.75,
      "f1": 0.7643979057591623
    },
    "feature_importance": {
      "norms": 0.19662174431087645,
      "norms_per_token": 0.1399393298977381,
      "key_ranks": 0.1254745517437657,
      "key_entropies": 0.06711732747667504,
      "norm\u00d7rank": 0.11502217780674708,
      "npt\u00d7entropy": 0.16580275191683141,
      "norm/rank": 0.07066426506663703,
      "npt/entropy": 0.11935785178072912
    }
  },
  "6. Z-score + interactions": {
    "approach": "6. Z-score + interactions",
    "per_model": {
      "DeepSeek-R1-Distill-Qwen-14B": {
        "RF": {
          "auroc": 0.8183333333333332,
          "accuracy": 0.8333333333333334,
          "f1": 0.8387096774193549
        },
        "LR": {
          "auroc": 0.8500000000000001,
          "accuracy": 0.7666666666666667,
          "f1": 0.7586206896551724
        }
      },